scope,category,lookup name,CO2 Factor (kg / unit),CH4 Factor (kg / unit),N2O Factor (kg / unit),Biofuel?,AR4 (kgCO2e),AR5 (kgCO2e),Units,Source
1,mobile-combustion,Electricity - Mobile - Electric Vehicle,0,0,0,,0,0,kWh,"EPA, ""Emission Factors for Greenhouse Gas Inventories"", March 9, 2018 (https://www.epa.gov/climateleadership/center-corporate-climate-leadership-ghg-emission-factors-hub); WRI, GHG Protocol - Emission Factors from Cross-Sector Tools, April 2014"
1,mobile-combustion,Motor Gasoline - Gasoline Passenger Cars,8.78,0.00038925,0.000081,,8.81386925,8.812364,gal (US),"EPA, ""Emission Factors for Greenhouse Gas Inventories"", March 9, 2018 (https://www.epa.gov/climateleadership/center-corporate-climate-leadership-ghg-emission-factors-hub); WRI, GHG Protocol - Emission Factors from Cross-Sector Tools, April 2014"
1,mobile-combustion,"Motor Gasoline - Gasoline Light-duty Trucks (Vans, Pickup Trucks, SUVs)",8.78,0.00026406,0.00010692,,8.81846366,8.81572748,gal (US),"EPA, ""Emission Factors for Greenhouse Gas Inventories"", March 9, 2018 (https://www.epa.gov/climateleadership/center-corporate-climate-leadership-ghg-emission-factors-hub); WRI, GHG Protocol - Emission Factors from Cross-Sector Tools, April 2014"
1,mobile-combustion,Motor Gasoline - Gasoline Heavy-duty Vehicles,8.78,0.00029304,0.00011792,,8.82246616,8.81945392,gal (US),"EPA, ""Emission Factors for Greenhouse Gas Inventories"", March 9, 2018 (https://www.epa.gov/climateleadership/center-corporate-climate-leadership-ghg-emission-factors-hub); WRI, GHG Protocol - Emission Factors from Cross-Sector Tools, April 2014"
1,mobile-combustion,Diesel Fuel - Diesel Passenger Cars,10.21,0.00001125,0.0000225,,10.21698625,10.2162775,gal (US),"EPA, ""Emission Factors for Greenhouse Gas Inventories"", March 9, 2018 (https://www.epa.gov/climateleadership/center-corporate-climate-leadership-ghg-emission-factors-hub); WRI, GHG Protocol - Emission Factors from Cross-Sector Tools, April 2014"
1,mobile-combustion,Diesel Fuel - Diesel Light-duty Trucks,10.21,0.0000162,0.0000243,,10.2176464,10.2168931,gal (US),"EPA, ""Emission Factors for Greenhouse Gas Inventories"", March 9, 2018 (https://www.epa.gov/climateleadership/center-corporate-climate-leadership-ghg-emission-factors-hub); WRI, GHG Protocol - Emission Factors from Cross-Sector Tools, April 2014"
1,mobile-combustion,Diesel Fuel - Diesel Medium- and Heavy-duty Vehicles,10.21,0.00004488,0.00004224,,10.22370952,10.22245024,gal (US),"EPA, ""Emission Factors for Greenhouse Gas Inventories"", March 9, 2018 (https://www.epa.gov/climateleadership/center-corporate-climate-leadership-ghg-emission-factors-hub); WRI, GHG Protocol - Emission Factors from Cross-Sector Tools, April 2014"
1,mobile-combustion,Biodiesel (100%) - Biodiesel Passenger Cars,,0.00001125,0.0000225,9.45,0.00698625,0.0062775,gal (US),"EPA, ""Emission Factors for Greenhouse Gas Inventories"", March 9, 2018 (https://www.epa.gov/climateleadership/center-corporate-climate-leadership-ghg-emission-factors-hub); WRI, GHG Protocol - Emission Factors from Cross-Sector Tools, April 2014"
1,mobile-combustion,Biodiesel (100%) - Biodiesel Light-duty Vehicles,,0.0000081,0.0000162,9.45,0.0050301,0.0045198,gal (US),"EPA, ""Emission Factors for Greenhouse Gas Inventories"", March 9, 2018 (https://www.epa.gov/climateleadership/center-corporate-climate-leadership-ghg-emission-factors-hub); WRI, GHG Protocol - Emission Factors from Cross-Sector Tools, April 2014"
1,mobile-combustion,Biodiesel (100%) - Biodiesel Medium- and Heavy-duty Vehicles,,0.000044,0.000044,9.45,0.014212,0.012892,gal (US),"EPA, ""Emission Factors for Greenhouse Gas Inventories"", March 9, 2018 (https://www.epa.gov/climateleadership/center-corporate-climate-leadership-ghg-emission-factors-hub); WRI, GHG Protocol - Emission Factors from Cross-Sector Tools, April 2014"
1,mobile-combustion,Compressed Natural Gas - CNG Light-duty Vehicles,0.40723948,0.089312914,0.006059221,,4.44571013,4.513694587,scf,"EPA, ""Emission Factors for Greenhouse Gas Inventories"", March 9, 2018 (https://www.epa.gov/climateleadership/center-corporate-climate-leadership-ghg-emission-factors-hub); WRI, GHG Protocol - Emission Factors from Cross-Sector Tools, April 2014"
1,mobile-combustion,Compressed Natural Gas - CNG Medium- and Heavy-duty Vehicles,0.40723948,0.129418971,0.01152,,7.075673766,7.08377068,scf,"EPA, ""Emission Factors for Greenhouse Gas Inventories"", March 9, 2018 (https://www.epa.gov/climateleadership/center-corporate-climate-leadership-ghg-emission-factors-hub); WRI, GHG Protocol - Emission Factors from Cross-Sector Tools, April 2014"
1,mobile-combustion,Ethanol (100%) - Ethanol Light-duty Vehicles,,0.000891,0.0010854,5.75,0.3457242,0.312579,gal (US),"EPA, ""Emission Factors for Greenhouse Gas Inventories"", March 9, 2018 (https://www.epa.gov/climateleadership/center-corporate-climate-leadership-ghg-emission-factors-hub); WRI, GHG Protocol - Emission Factors from Cross-Sector Tools, April 2014"
1,mobile-combustion,Ethanol (100%) - Ethanol Medium- and Heavy-duty Vehicles,,0.0017336,0.00154,5.75,0.50226,0.4566408,gal (US),"EPA, ""Emission Factors for Greenhouse Gas Inventories"", March 9, 2018 (https://www.epa.gov/climateleadership/center-corporate-climate-leadership-ghg-emission-factors-hub); WRI, GHG Protocol - Emission Factors from Cross-Sector Tools, April 2014"
1,mobile-combustion,Motor Gasoline - Hybrid (Gasoline) Passenger Cars,8.78,0.000539061,0.000112175,,8.826904547,8.82481997,gal (US),"EPA, ""Emission Factors for Greenhouse Gas Inventories"", March 9, 2018 (https://www.epa.gov/climateleadership/center-corporate-climate-leadership-ghg-emission-factors-hub); WRI, GHG Protocol - Emission Factors from Cross-Sector Tools, April 2014"
1,mobile-combustion,Motor Gasoline - Gasoline Agricultural Equipment,8.78,0.00126,0.00022,,8.87706,8.87358,gal (US),"EPA, ""Emission Factors for Greenhouse Gas Inventories"", March 9, 2018 (https://www.epa.gov/climateleadership/center-corporate-climate-leadership-ghg-emission-factors-hub); WRI, GHG Protocol - Emission Factors from Cross-Sector Tools, April 2014"
1,mobile-combustion,Diesel Fuel - Diesel Agricultural Equipment,10.21,0.00144,0.00026,,10.32348,10.31922,gal (US),"EPA, ""Emission Factors for Greenhouse Gas Inventories"", March 9, 2018 (https://www.epa.gov/climateleadership/center-corporate-climate-leadership-ghg-emission-factors-hub); WRI, GHG Protocol - Emission Factors from Cross-Sector Tools, April 2014"
1,mobile-combustion,Motor Gasoline - Gasoline Ships and Boats,8.78,0.00064,0.00022,,8.86156,8.85622,gal (US),"EPA, ""Emission Factors for Greenhouse Gas Inventories"", March 9, 2018 (https://www.epa.gov/climateleadership/center-corporate-climate-leadership-ghg-emission-factors-hub); WRI, GHG Protocol - Emission Factors from Cross-Sector Tools, April 2014"
1,mobile-combustion,Diesel Fuel - Diesel Ships and Boats,10.21,0.00006,0.00045,,10.3456,10.33093,gal (US),"EPA, ""Emission Factors for Greenhouse Gas Inventories"", March 9, 2018 (https://www.epa.gov/climateleadership/center-corporate-climate-leadership-ghg-emission-factors-hub); WRI, GHG Protocol - Emission Factors from Cross-Sector Tools, April 2014"
1,mobile-combustion,Jet Fuel - Jet Fuel Aircraft,9.75,0,0.0003,,9.8394,9.8295,gal (US),"EPA, ""Emission Factors for Greenhouse Gas Inventories"", March 9, 2018 (https://www.epa.gov/climateleadership/center-corporate-climate-leadership-ghg-emission-factors-hub); WRI, GHG Protocol - Emission Factors from Cross-Sector Tools, April 2014"
1,mobile-combustion,Aviation Gasoline - Aviation Gasoline Aircraft,8.31,0.00706,0.00011,,8.51928,8.53683,gal (US),"EPA, ""Emission Factors for Greenhouse Gas Inventories"", March 9, 2018 (https://www.epa.gov/climateleadership/center-corporate-climate-leadership-ghg-emission-factors-hub); WRI, GHG Protocol - Emission Factors from Cross-Sector Tools, April 2014"
1,mobile-combustion,Motor Gasoline - Gasoline Motorcycles,8.78,0.00336,0.000345,,8.96681,8.965505,gal (US),"EPA, ""Emission Factors for Greenhouse Gas Inventories"", March 9, 2018 (https://www.epa.gov/climateleadership/center-corporate-climate-leadership-ghg-emission-factors-hub); WRI, GHG Protocol - Emission Factors from Cross-Sector Tools, April 2014"
1,mobile-combustion,Motor Gasoline - Other Gasoline Non-Road Vehicles,8.78,0.0005,0.00022,,8.85806,8.8523,gal (US),"EPA, ""Emission Factors for Greenhouse Gas Inventories"", March 9, 2018 (https://www.epa.gov/climateleadership/center-corporate-climate-leadership-ghg-emission-factors-hub); WRI, GHG Protocol - Emission Factors from Cross-Sector Tools, April 2014"
1,mobile-combustion,Diesel Fuel - Other Diesel Non-Road Vehicles,10.21,0.00057,0.00026,,10.30173,10.29486,gal (US),"EPA, ""Emission Factors for Greenhouse Gas Inventories"", March 9, 2018 (https://www.epa.gov/climateleadership/center-corporate-climate-leadership-ghg-emission-factors-hub); WRI, GHG Protocol - Emission Factors from Cross-Sector Tools, April 2014"
1,mobile-combustion,Biodiesel (100%) - Biodiesel Medium- and Heavy-duty Vehicles,0,0.0000295,0.0000295,9.45,0.0095285,0.0086435,gal (US),"EPA, ""Emission Factors for Greenhouse Gas Inventories"", March 9, 2018 (https://www.epa.gov/climateleadership/center-corporate-climate-leadership-ghg-emission-factors-hub); WRI, GHG Protocol - Emission Factors from Cross-Sector Tools, April 2014"
3,transport,Passenger Car A,0.343,0.019,0.011,,0.346753,0.346447,vehicle-mile,"EPA, ""Emission Factors for Greenhouse Gas Inventories,"" Table 8 Business Travel and Employee Commuting, March 9, 2018 (https://www.epa.gov/climateleadership/center-corporate-climate-leadership-ghg-emission-factors-hub)."
3,transport,Light-Duty Truck B,0.472,0.019,0.018,,0.477839,0.477302,vehicle-mile,"EPA, ""Emission Factors for Greenhouse Gas Inventories,"" Table 8 Business Travel and Employee Commuting, March 9, 2018 (https://www.epa.gov/climateleadership/center-corporate-climate-leadership-ghg-emission-factors-hub)."
3,transport,Motorcycle,0.189,0.07,0.007,,0.192836,0.192815,vehicle-mile,"EPA, ""Emission Factors for Greenhouse Gas Inventories,"" Table 8 Business Travel and Employee Commuting, March 9, 2018 (https://www.epa.gov/climateleadership/center-corporate-climate-leadership-ghg-emission-factors-hub)."
3,transport,Intercity Rail (i.e. Amtrak) C,0.14,0.0087,0.0031,,0.1411413,0.1410651,passenger-mile,"EPA, ""Emission Factors for Greenhouse Gas Inventories,"" Table 8 Business Travel and Employee Commuting, March 9, 2018 (https://www.epa.gov/climateleadership/center-corporate-climate-leadership-ghg-emission-factors-hub)."
3,transport,Commuter Rail D,0.161,0.0081,0.0032,,0.1621561,0.1620748,passenger-mile,"EPA, ""Emission Factors for Greenhouse Gas Inventories,"" Table 8 Business Travel and Employee Commuting, March 9, 2018 (https://www.epa.gov/climateleadership/center-corporate-climate-leadership-ghg-emission-factors-hub)."
3,transport,"Transit Rail (i.e. Subway, Tram) E",0.119,0.0025,0.0017,,0.1195691,0.1195205,passenger-mile,"EPA, ""Emission Factors for Greenhouse Gas Inventories,"" Table 8 Business Travel and Employee Commuting, March 9, 2018 (https://www.epa.gov/climateleadership/center-corporate-climate-leadership-ghg-emission-factors-hub)."
3,transport,Bus,0.056,0.001291715,0.000866923,,0.056290636,0.056265903,passenger-mile,"EPA, ""Emission Factors for Greenhouse Gas Inventories,"" Table 8 Business Travel and Employee Commuting, March 9, 2018 (https://www.epa.gov/climateleadership/center-corporate-climate-leadership-ghg-emission-factors-hub)."
3,transport,Air Travel - Short Haul (< 300 miles) ,0.225,0.0039,0.007175381,,0.227235764,0.227010676,passenger-mile,"EPA, ""Emission Factors for Greenhouse Gas Inventories,"" Table 8 Business Travel and Employee Commuting, March 9, 2018 (https://www.epa.gov/climateleadership/center-corporate-climate-leadership-ghg-emission-factors-hub)."
3,transport,"Air Travel - Medium Haul (>= 300 miles, 
< 2300 miles) ",0.136,0.0006,0.0043,,0.1372964,0.1371563,passenger-mile,"EPA, ""Emission Factors for Greenhouse Gas Inventories,"" Table 8 Business Travel and Employee Commuting, March 9, 2018 (https://www.epa.gov/climateleadership/center-corporate-climate-leadership-ghg-emission-factors-hub)."
3,transport,Air Travel - Long Haul (>= 2300 miles) ,0.166,0.0006,0.0053,,0.1675944,0.1674213,passenger-mile,"EPA, ""Emission Factors for Greenhouse Gas Inventories,"" Table 8 Business Travel and Employee Commuting, March 9, 2018 (https://www.epa.gov/climateleadership/center-corporate-climate-leadership-ghg-emission-factors-hub)."
3,transport,Average Car - Diesel,0.27603,0.00001,0.00297,,0.27691531,0.27681733,mile,"UK DEFRA, Passenger vehicles, 2019 (https://assets.publishing.service.gov.uk/government/uploads/system/uploads/attachment_data/file/891105/Conversion_Factors_2020_-_Condensed_set__for_most_users_.xlsx)"
3,transport,Average Car - Petrol,0.28991,0.00051,0.00061,,0.29010453,0.29008593,mile,"UK DEFRA, Passenger vehicles, 2019 (https://assets.publishing.service.gov.uk/government/uploads/system/uploads/attachment_data/file/891105/Conversion_Factors_2020_-_Condensed_set__for_most_users_.xlsx)"
3,transport,Average Car - Hybrid,0.18259,0.00026,0.00179,,0.18312992,0.18307163,mile,"UK DEFRA, Passenger vehicles, 2019 (https://assets.publishing.service.gov.uk/government/uploads/system/uploads/attachment_data/file/891105/Conversion_Factors_2020_-_Condensed_set__for_most_users_.xlsx)"
3,transport,Average Car - CNG,0.28324,0.00257,0.00072,,0.28351881,0.28350276,mile,"UK DEFRA, Passenger vehicles, 2019 (https://assets.publishing.service.gov.uk/government/uploads/system/uploads/attachment_data/file/891105/Conversion_Factors_2020_-_Condensed_set__for_most_users_.xlsx)"
3,transport,Average Car - LPG,0.31947,0.00008,0.00072,,0.31968656,0.31966304,mile,"UK DEFRA, Passenger vehicles, 2019 (https://assets.publishing.service.gov.uk/government/uploads/system/uploads/attachment_data/file/891105/Conversion_Factors_2020_-_Condensed_set__for_most_users_.xlsx)"
3,transport,Average Car - Plug-in Hybrid Electric Vehicle,0.18434,0.00053,0.00072,Yes,0.18456781,0.18454564,mile,"UK DEFRA, Passenger vehicles, 2019 (https://assets.publishing.service.gov.uk/government/uploads/system/uploads/attachment_data/file/891105/Conversion_Factors_2020_-_Condensed_set__for_most_users_.xlsx)"
3,transport,Average Car - Battery Electric Vehicle,0.09612,0.00024,0.00052,Yes,0.09628096,0.09626452,mile,"UK DEFRA, Passenger vehicles, 2019 (https://assets.publishing.service.gov.uk/government/uploads/system/uploads/attachment_data/file/891105/Conversion_Factors_2020_-_Condensed_set__for_most_users_.xlsx)"
3,transport,Average Car - Unknown,0.28297,0.00026,0.00179,,0.28350992,0.28345163,mile,"UK DEFRA, Passenger vehicles, 2019 (https://assets.publishing.service.gov.uk/government/uploads/system/uploads/attachment_data/file/891105/Conversion_Factors_2020_-_Condensed_set__for_most_users_.xlsx)"
3,transport,Motorbike,0.18208,0.00286,0.00095,,0.1824346,0.18241183,mile,"UK DEFRA, Passenger vehicles, 2019 (https://assets.publishing.service.gov.uk/government/uploads/system/uploads/attachment_data/file/891105/Conversion_Factors_2020_-_Condensed_set__for_most_users_.xlsx)"
3,transport,Taxi - regular,0.14886,0.00000308,0.00132,,0.149253437,0.149209886,passenger-km,"UK DEFRA, Passenger vehicles, 2019 (https://assets.publishing.service.gov.uk/government/uploads/system/uploads/attachment_data/file/891105/Conversion_Factors_2020_-_Condensed_set__for_most_users_.xlsx)"
3,transport,Local Bus,0.10391,0.00003,0.00077,,0.10414021,0.10411489,passenger-km,"UK DEFRA, Passenger vehicles, 2019 (https://assets.publishing.service.gov.uk/government/uploads/system/uploads/attachment_data/file/891105/Conversion_Factors_2020_-_Condensed_set__for_most_users_.xlsx)"
3,transport,National rail,0.04077,0.00007,0.00031,,0.04086413,0.04085411,passenger-km,"UK DEFRA, Business Travel - land, 2019 (https://assets.publishing.service.gov.uk/government/uploads/system/uploads/attachment_data/file/891105/Conversion_Factors_2020_-_Condensed_set__for_most_users_.xlsx)"
3,transport,International rail,0.00592,0.00002,0.00003,,0.00592944,0.00592851,passenger-km,"UK DEFRA, Business Travel - land, 2019 (https://assets.publishing.service.gov.uk/government/uploads/system/uploads/attachment_data/file/891105/Conversion_Factors_2020_-_Condensed_set__for_most_users_.xlsx)"
3,transport,Light rail and tram,0.0348,0.00009,0.00019,,0.03485887,0.03485287,passenger-km,"UK DEFRA, Business Travel - land, 2019 (https://assets.publishing.service.gov.uk/government/uploads/system/uploads/attachment_data/file/891105/Conversion_Factors_2020_-_Condensed_set__for_most_users_.xlsx)"
3,transport,"Air Travel - Domestic, to/from UK - Average passenger",0.13345,0.00012,0.00126,,0.13382848,0.13378726,passenger-km,"UK DEFRA, Business Travel - air, 2019 (https://assets.publishing.service.gov.uk/government/uploads/system/uploads/attachment_data/file/891105/Conversion_Factors_2020_-_Condensed_set__for_most_users_.xlsx)"
3,transport,"Air Travel - Short-haul, to/from UK - Average passenger",0.08291,0.00001,0.00078,,0.08314269,0.08311698,passenger-km,"UK DEFRA, Business Travel - air, 2019 (https://assets.publishing.service.gov.uk/government/uploads/system/uploads/attachment_data/file/891105/Conversion_Factors_2020_-_Condensed_set__for_most_users_.xlsx)"
3,transport,"Air Travel - Short-haul, to/from UK - Economy class",0.08155,0.00001,0.00077,,0.08177971,0.08175433,passenger-km,"UK DEFRA, Business Travel - air, 2019 (https://assets.publishing.service.gov.uk/government/uploads/system/uploads/attachment_data/file/891105/Conversion_Factors_2020_-_Condensed_set__for_most_users_.xlsx)"
3,transport,"Air Travel - Short-haul, to/from UK - Business class",0.12233,0.00001,0.00116,,0.12267593,0.12263768,passenger-km,"UK DEFRA, Business Travel - air, 2019 (https://assets.publishing.service.gov.uk/government/uploads/system/uploads/attachment_data/file/891105/Conversion_Factors_2020_-_Condensed_set__for_most_users_.xlsx)"
3,transport,"Air Travel - Long-haul, to/from UK - Average passenger",0.10244,0.00001,0.00097,,0.10272931,0.10269733,passenger-km,"UK DEFRA, Business Travel - air, 2019 (https://assets.publishing.service.gov.uk/government/uploads/system/uploads/attachment_data/file/891105/Conversion_Factors_2020_-_Condensed_set__for_most_users_.xlsx)"
3,transport,"Air Travel - Long-haul, to/from UK - Economy class",0.07845,0.00001,0.00074,,0.07867077,0.07864638,passenger-km,"UK DEFRA, Business Travel - air, 2019 (https://assets.publishing.service.gov.uk/government/uploads/system/uploads/attachment_data/file/891105/Conversion_Factors_2020_-_Condensed_set__for_most_users_.xlsx)"
3,transport,"Air Travel - Long-haul, to/from UK - Premium economy class",0.12553,0.00001,0.00119,,0.12588487,0.12584563,passenger-km,"UK DEFRA, Business Travel - air, 2019 (https://assets.publishing.service.gov.uk/government/uploads/system/uploads/attachment_data/file/891105/Conversion_Factors_2020_-_Condensed_set__for_most_users_.xlsx)"
3,transport,"Air Travel - Long-haul, to/from UK - Business class",0.22752,0.00002,0.00215,,0.2281612,0.22809031,passenger-km,"UK DEFRA, Business Travel - air, 2019 (https://assets.publishing.service.gov.uk/government/uploads/system/uploads/attachment_data/file/891105/Conversion_Factors_2020_-_Condensed_set__for_most_users_.xlsx)"
3,transport,"Air Travel - Long-haul, to/from UK - First class",0.31382,0.00002,0.00297,,0.31470556,0.31460761,passenger-km,"UK DEFRA, Business Travel - air, 2019 (https://assets.publishing.service.gov.uk/government/uploads/system/uploads/attachment_data/file/891105/Conversion_Factors_2020_-_Condensed_set__for_most_users_.xlsx)"
3,transport,"Air Travel - International, to/from non-UK - Average passenger",0.09467,0.00001,0.0009,,0.09493845,0.09490878,passenger-km,"UK DEFRA, Business Travel - air, 2019 (https://assets.publishing.service.gov.uk/government/uploads/system/uploads/attachment_data/file/891105/Conversion_Factors_2020_-_Condensed_set__for_most_users_.xlsx)"
3,transport,"Air Travel - International, to/from non-UK - Economy class",0.0725,0.000005,0.00069,,0.072705745,0.07268299,passenger-km,"UK DEFRA, Business Travel - air, 2019 (https://assets.publishing.service.gov.uk/government/uploads/system/uploads/attachment_data/file/891105/Conversion_Factors_2020_-_Condensed_set__for_most_users_.xlsx)"
3,transport,"Air Travel - International, to/from non-UK - Premium economy class",0.116,0.00001,0.0011,,0.11632805,0.11629178,passenger-km,"UK DEFRA, Business Travel - air, 2019 (https://assets.publishing.service.gov.uk/government/uploads/system/uploads/attachment_data/file/891105/Conversion_Factors_2020_-_Condensed_set__for_most_users_.xlsx)"
3,transport,"Air Travel - International, to/from non-UK - Business class",0.21025,0.00002,0.00199,,0.21084352,0.21077791,passenger-km,"UK DEFRA, Business Travel - air, 2019 (https://assets.publishing.service.gov.uk/government/uploads/system/uploads/attachment_data/file/891105/Conversion_Factors_2020_-_Condensed_set__for_most_users_.xlsx)"
3,transport,"Air Travel - International, to/from non-UK - First class",0.29,0.00002,0.00274,,0.29081702,0.29072666,passenger-km,"UK DEFRA, Business Travel - air, 2019 (https://assets.publishing.service.gov.uk/government/uploads/system/uploads/attachment_data/file/891105/Conversion_Factors_2020_-_Condensed_set__for_most_users_.xlsx)"
3,transport,Ferry - Average (all passenger),0.111313,0.000033,0.001517,,0.111765891,0.111715929,passenger-km,"UK DEFRA, Business Travel - sea, 2019 (https://assets.publishing.service.gov.uk/government/uploads/system/uploads/attachment_data/file/891105/Conversion_Factors_2020_-_Condensed_set__for_most_users_.xlsx)"
3,transport,Medium- and Heavy-Duty Truck,1.467,0.014,0.01,,1.47033,1.470042,vehicle-mile,"EPA, ""Emission Factors for Greenhouse Gas Inventories,"" Table 8 Business Travel and Employee Commuting, March 9, 2018 (https://www.epa.gov/climateleadership/center-corporate-climate-leadership-ghg-emission-factors-hub)."
3,transport,Passenger Car A1,0.343,0.019,0.011,,0.346753,0.346447,vehicle-mile,"EPA, ""Emission Factors for Greenhouse Gas Inventories,"" Table 8 Business Travel and Employee Commuting, March 9, 2018 (https://www.epa.gov/climateleadership/center-corporate-climate-leadership-ghg-emission-factors-hub)."
3,transport,Light-Duty Truck B1,0.472,0.019,0.018,,0.477839,0.477302,vehicle-mile,"EPA, ""Emission Factors for Greenhouse Gas Inventories,"" Table 8 Business Travel and Employee Commuting, March 9, 2018 (https://www.epa.gov/climateleadership/center-corporate-climate-leadership-ghg-emission-factors-hub)."
3,transport,Medium- and Heavy-Duty TruckC,0.202337978,0.002003842,0.001512968,,0.202838939,0.202795022,ton-mile,"EPA, ""Emission Factors for Greenhouse Gas Inventories,"" Table 8 Business Travel and Employee Commuting, March 9, 2018 (https://www.epa.gov/climateleadership/center-corporate-climate-leadership-ghg-emission-factors-hub)."
3,transport,Rail,0.023,0.0018,0.0006,,0.0232238,0.0232094,ton-mile,"EPA, ""Emission Factors for Greenhouse Gas Inventories,"" Table 8 Business Travel and Employee Commuting, March 9, 2018 (https://www.epa.gov/climateleadership/center-corporate-climate-leadership-ghg-emission-factors-hub)."
3,transport,Waterborne Craft,0.059,0.0005,0.004,,0.0602045,0.060074,ton-mile,"EPA, ""Emission Factors for Greenhouse Gas Inventories,"" Table 8 Business Travel and Employee Commuting, March 9, 2018 (https://www.epa.gov/climateleadership/center-corporate-climate-leadership-ghg-emission-factors-hub)."
3,transport,Aircraft,1.308,0,0.0402,,1.3199796,1.318653,ton-mile,"EPA, ""Emission Factors for Greenhouse Gas Inventories,"" Table 8 Business Travel and Employee Commuting, March 9, 2018 (https://www.epa.gov/climateleadership/center-corporate-climate-leadership-ghg-emission-factors-hub)."
3,transport,Vans - Average (up to 3.5 tonnes) - Diesel,0.40279,0.00001,0.00296,,0.40367233,0.40357468,mile,"UK DEFRA, Freighting goods, 2019 (https://assets.publishing.service.gov.uk/government/uploads/system/uploads/attachment_data/file/891105/Conversion_Factors_2020_-_Condensed_set__for_most_users_.xlsx)"
3,transport,Vans - Average (up to 3.5 tonnes) - Petrol,0.37898,0.00041,0.00114,,0.37932997,0.37929358,mile,"UK DEFRA, Freighting goods, 2019 (https://assets.publishing.service.gov.uk/government/uploads/system/uploads/attachment_data/file/891105/Conversion_Factors_2020_-_Condensed_set__for_most_users_.xlsx)"
3,transport,Vans - Average (up to 3.5 tonnes) - CNG,0.39542,0.00204,0.00135,,0.3958733,0.39583487,mile,"UK DEFRA, Freighting goods, 2019 (https://assets.publishing.service.gov.uk/government/uploads/system/uploads/attachment_data/file/891105/Conversion_Factors_2020_-_Condensed_set__for_most_users_.xlsx)"
3,transport,Vans - Average (up to 3.5 tonnes) - LPG,0.43704,0.00006,0.00135,,0.4374438,0.43739943,mile,"UK DEFRA, Freighting goods, 2019 (https://assets.publishing.service.gov.uk/government/uploads/system/uploads/attachment_data/file/891105/Conversion_Factors_2020_-_Condensed_set__for_most_users_.xlsx)"
3,transport,Vans - Average (up to 3.5 tonnes) - Unknown,0.40201,0.00002,0.0029,,0.4028747,0.40277906,mile,"UK DEFRA, Freighting goods, 2019 (https://assets.publishing.service.gov.uk/government/uploads/system/uploads/attachment_data/file/891105/Conversion_Factors_2020_-_Condensed_set__for_most_users_.xlsx)"
3,transport,Vans - Average (up to 3.5 tonnes) - Battery Electric Vehicle,0.10034,0.00026,0.00055,Yes,0.1005104,0.10049303,mile,"UK DEFRA, Freighting goods, 2019 (https://assets.publishing.service.gov.uk/government/uploads/system/uploads/attachment_data/file/891105/Conversion_Factors_2020_-_Condensed_set__for_most_users_.xlsx)"
3,transport,HGV (all diesel) - tonne.km,0.10797,0.00004,0.0022,,0.1086266,0.10855412,tonne-km,"UK DEFRA, Freighting goods, 2019 (https://assets.publishing.service.gov.uk/government/uploads/system/uploads/attachment_data/file/891105/Conversion_Factors_2020_-_Condensed_set__for_most_users_.xlsx)"
3,transport,HGV (all diesel) - km,0.85361,0.00017,0.01277,,0.85741971,0.85699881,km,"UK DEFRA, Freighting goods, 2019 (https://assets.publishing.service.gov.uk/government/uploads/system/uploads/attachment_data/file/891105/Conversion_Factors_2020_-_Condensed_set__for_most_users_.xlsx)"
3,transport,HGV (all diesel) - miles,1.37375,0.00027,0.02055,,1.37988065,1.37920331,mile,"UK DEFRA, Freighting goods, 2019 (https://assets.publishing.service.gov.uk/government/uploads/system/uploads/attachment_data/file/891105/Conversion_Factors_2020_-_Condensed_set__for_most_users_.xlsx)"
3,transport,HGV refrigerated (all diesel) - tonne.km,0.126846853,0.00004,0.0022,,0.127503453,0.127430973,tonne-km,"UK DEFRA, Freighting goods, 2019 (https://assets.publishing.service.gov.uk/government/uploads/system/uploads/attachment_data/file/891105/Conversion_Factors_2020_-_Condensed_set__for_most_users_.xlsx)"
3,transport,HGV refrigerated (all diesel) - km,1.002850254,0.00017,0.01277,,1.006659964,1.006239064,km,"UK DEFRA, Freighting goods, 2019 (https://assets.publishing.service.gov.uk/government/uploads/system/uploads/attachment_data/file/891105/Conversion_Factors_2020_-_Condensed_set__for_most_users_.xlsx)"
3,transport,HGV refrigerated (all diesel) - miles,1.61393,0.00027,0.02055,,1.62006065,1.61938331,mile,"UK DEFRA, Freighting goods, 2019 (https://assets.publishing.service.gov.uk/government/uploads/system/uploads/attachment_data/file/891105/Conversion_Factors_2020_-_Condensed_set__for_most_users_.xlsx)"
3,transport,"Freight flights - Domestic, to/from UK",2.61561,0.00234,0.02475,,2.623044,2.62223427,tonne-km,"UK DEFRA, Freighting goods, 2019 (https://assets.publishing.service.gov.uk/government/uploads/system/uploads/attachment_data/file/891105/Conversion_Factors_2020_-_Condensed_set__for_most_users_.xlsx)"
3,transport,"Freight flights - Short-haul, to/from UK",1.24621,0.00009,0.01179,,1.24972567,1.24933687,tonne-km,"UK DEFRA, Freighting goods, 2019 (https://assets.publishing.service.gov.uk/government/uploads/system/uploads/attachment_data/file/891105/Conversion_Factors_2020_-_Condensed_set__for_most_users_.xlsx)"
3,transport,"Freight flights - Long-haul, to/from UK",0.59268,0.00004,0.00561,,0.59435278,0.59416777,tonne-km,"UK DEFRA, Freighting goods, 2019 (https://assets.publishing.service.gov.uk/government/uploads/system/uploads/attachment_data/file/891105/Conversion_Factors_2020_-_Condensed_set__for_most_users_.xlsx)"
3,transport,"Freight flights - International, to/from non-UK",0.59268,0.00004,0.00561,,0.59435278,0.59416777,tonne-km,"UK DEFRA, Freighting goods, 2019 (https://assets.publishing.service.gov.uk/government/uploads/system/uploads/attachment_data/file/891105/Conversion_Factors_2020_-_Condensed_set__for_most_users_.xlsx)"
3,transport,Rail - Freight train,0.03299,0.00003,0.00031,,0.03308313,0.03307299,tonne-km,"UK DEFRA, Freighting goods, 2019 (https://assets.publishing.service.gov.uk/government/uploads/system/uploads/attachment_data/file/891105/Conversion_Factors_2020_-_Condensed_set__for_most_users_.xlsx)"
3,transport,Sea Tanker - Crude Tanker - Average,0.00451,0.000001,0.000061,,0.004528203,0.004526193,tonne-km,"UK DEFRA, Freighting goods, 2019 (https://assets.publishing.service.gov.uk/government/uploads/system/uploads/attachment_data/file/891105/Conversion_Factors_2020_-_Condensed_set__for_most_users_.xlsx)"
3,transport,Sea Tanker - Products Tanker - Average,0.00891,0.000003,0.000121,,0.008946133,0.008942149,tonne-km,"UK DEFRA, Freighting goods, 2019 (https://assets.publishing.service.gov.uk/government/uploads/system/uploads/attachment_data/file/891105/Conversion_Factors_2020_-_Condensed_set__for_most_users_.xlsx)"
3,transport,Sea Tanker - Chemical Tanker - Average,0.01018,0.000003,0.000139,,0.010221497,0.010216919,tonne-km,"UK DEFRA, Freighting goods, 2019 (https://assets.publishing.service.gov.uk/government/uploads/system/uploads/attachment_data/file/891105/Conversion_Factors_2020_-_Condensed_set__for_most_users_.xlsx)"
3,transport,Sea Tanker - LNG Tanker - Average,0.01139,0.000003,0.000155,,0.011436265,0.011431159,tonne-km,"UK DEFRA, Freighting goods, 2019 (https://assets.publishing.service.gov.uk/government/uploads/system/uploads/attachment_data/file/891105/Conversion_Factors_2020_-_Condensed_set__for_most_users_.xlsx)"
3,transport,Sea Tanker - LPG Tanker - Average,0.01024,0.000003,0.00014,,0.010281795,0.010277184,tonne-km,"UK DEFRA, Freighting goods, 2019 (https://assets.publishing.service.gov.uk/government/uploads/system/uploads/attachment_data/file/891105/Conversion_Factors_2020_-_Condensed_set__for_most_users_.xlsx)"
3,transport,Cargo Ship - Bulk Carrier - Average,0.00349,0.000001,0.000048,,0.003504329,0.003502748,tonne-km,"UK DEFRA, Freighting goods, 2019 (https://assets.publishing.service.gov.uk/government/uploads/system/uploads/attachment_data/file/891105/Conversion_Factors_2020_-_Condensed_set__for_most_users_.xlsx)"
3,transport,Cargo Ship - General Cargo - Average,0.01305,0.000004,0.000178,,0.013103144,0.013097282,tonne-km,"UK DEFRA, Freighting goods, 2019 (https://assets.publishing.service.gov.uk/government/uploads/system/uploads/attachment_data/file/891105/Conversion_Factors_2020_-_Condensed_set__for_most_users_.xlsx)"
3,transport,Cargo Ship - Container Ship - Average,0.01592,0.000005,0.000217,,0.015984791,0.015977645,tonne-km,"UK DEFRA, Freighting goods, 2019 (https://assets.publishing.service.gov.uk/government/uploads/system/uploads/attachment_data/file/891105/Conversion_Factors_2020_-_Condensed_set__for_most_users_.xlsx)"
3,transport,Cargo Ship - Vehicle Transport - Average,0.03805,0.000011,0.000519,,0.038204937,0.038187843,tonne-km,"UK DEFRA, Freighting goods, 2019 (https://assets.publishing.service.gov.uk/government/uploads/system/uploads/attachment_data/file/891105/Conversion_Factors_2020_-_Condensed_set__for_most_users_.xlsx)"
3,transport,Cargo Ship - RoRo-Ferry - Average,0.05095,0.000015,0.000694,,0.051157187,0.05113433,tonne-km,"UK DEFRA, Freighting goods, 2019 (https://assets.publishing.service.gov.uk/government/uploads/system/uploads/attachment_data/file/891105/Conversion_Factors_2020_-_Condensed_set__for_most_users_.xlsx)"
3,transport,Cargo Ship - Large RoPax Ferry - Average,0.3715,0.000112,0.005062,,0.373011276,0.372844566,tonne-km,"UK DEFRA, Freighting goods, 2019 (https://assets.publishing.service.gov.uk/government/uploads/system/uploads/attachment_data/file/891105/Conversion_Factors_2020_-_Condensed_set__for_most_users_.xlsx)"
3,transport,Cargo Ship - Refrigerated Cargo -  All dwt,0.0129,0.000004,0.000176,,0.012952548,0.012946752,tonne-km,"UK DEFRA, Freighting goods, 2019 (https://assets.publishing.service.gov.uk/government/uploads/system/uploads/attachment_data/file/891105/Conversion_Factors_2020_-_Condensed_set__for_most_users_.xlsx)"
3,transport,"Air Travel - Domestic, to/from UK - Average passenger_RF",0.25355,0.00012,0.00126,,0.25392848,0.25388726,passenger-km,"UK DEFRA, Business Travel - air, 2019 (https://assets.publishing.service.gov.uk/government/uploads/system/uploads/attachment_data/file/891105/Conversion_Factors_2020_-_Condensed_set__for_most_users_.xlsx)"
3,transport,"Air Travel - Short-haul, to/from UK - Average passenger_RF",0.15753,0.00001,0.00078,,0.15776269,0.15773698,passenger-km,"UK DEFRA, Business Travel - air, 2019 (https://assets.publishing.service.gov.uk/government/uploads/system/uploads/attachment_data/file/891105/Conversion_Factors_2020_-_Condensed_set__for_most_users_.xlsx)"
3,transport,"Air Travel - Short-haul, to/from UK - Economy class_RF",0.15495,0.00001,0.00077,,0.15517971,0.15515433,passenger-km,"UK DEFRA, Business Travel - air, 2019 (https://assets.publishing.service.gov.uk/government/uploads/system/uploads/attachment_data/file/891105/Conversion_Factors_2020_-_Condensed_set__for_most_users_.xlsx)"
3,transport,"Air Travel - Short-haul, to/from UK - Business class_RF",0.23243,0.00001,0.00116,,0.23277593,0.23273768,passenger-km,"UK DEFRA, Business Travel - air, 2019 (https://assets.publishing.service.gov.uk/government/uploads/system/uploads/attachment_data/file/891105/Conversion_Factors_2020_-_Condensed_set__for_most_users_.xlsx)"
3,transport,"Air Travel - Long-haul, to/from UK - Average passenger_RF",0.19464,0.00001,0.00097,,0.19492931,0.19489733,passenger-km,"UK DEFRA, Business Travel - air, 2019 (https://assets.publishing.service.gov.uk/government/uploads/system/uploads/attachment_data/file/891105/Conversion_Factors_2020_-_Condensed_set__for_most_users_.xlsx)"
3,transport,"Air Travel - Long-haul, to/from UK - Economy class_RF",0.14906,0.00001,0.00074,,0.14928077,0.14925638,passenger-km,"UK DEFRA, Business Travel - air, 2019 (https://assets.publishing.service.gov.uk/government/uploads/system/uploads/attachment_data/file/891105/Conversion_Factors_2020_-_Condensed_set__for_most_users_.xlsx)"
3,transport,"Air Travel - Long-haul, to/from UK - Premium economy class_RF",0.2385,0.00001,0.00119,,0.23885487,0.23881563,passenger-km,"UK DEFRA, Business Travel - air, 2019 (https://assets.publishing.service.gov.uk/government/uploads/system/uploads/attachment_data/file/891105/Conversion_Factors_2020_-_Condensed_set__for_most_users_.xlsx)"
3,transport,"Air Travel - Long-haul, to/from UK - Business class_RF",0.43229,0.00002,0.00215,,0.4329312,0.43286031,passenger-km,"UK DEFRA, Business Travel - air, 2019 (https://assets.publishing.service.gov.uk/government/uploads/system/uploads/attachment_data/file/891105/Conversion_Factors_2020_-_Condensed_set__for_most_users_.xlsx)"
3,transport,"Air Travel - Long-haul, to/from UK - First class_RF",0.59626,0.00002,0.00297,,0.59714556,0.59704761,passenger-km,"UK DEFRA, Business Travel - air, 2019 (https://assets.publishing.service.gov.uk/government/uploads/system/uploads/attachment_data/file/891105/Conversion_Factors_2020_-_Condensed_set__for_most_users_.xlsx)"
3,transport,"Air Travel - International, to/from non-UK - Average passenger_RF",0.17987,0.00001,0.0009,,0.18013845,0.18010878,passenger-km,"UK DEFRA, Business Travel - air, 2019 (https://assets.publishing.service.gov.uk/government/uploads/system/uploads/attachment_data/file/891105/Conversion_Factors_2020_-_Condensed_set__for_most_users_.xlsx)"
3,transport,"Air Travel - International, to/from non-UK - Economy class_RF",0.13775,0.000005,0.00069,,0.137955745,0.13793299,passenger-km,"UK DEFRA, Business Travel - air, 2019 (https://assets.publishing.service.gov.uk/government/uploads/system/uploads/attachment_data/file/891105/Conversion_Factors_2020_-_Condensed_set__for_most_users_.xlsx)"
3,transport,"Air Travel - International, to/from non-UK - Premium economy class_RF",0.2204,0.00001,0.0011,,0.22072805,0.22069178,passenger-km,"UK DEFRA, Business Travel - air, 2019 (https://assets.publishing.service.gov.uk/government/uploads/system/uploads/attachment_data/file/891105/Conversion_Factors_2020_-_Condensed_set__for_most_users_.xlsx)"
3,transport,"Air Travel - International, to/from non-UK - Business class_RF",0.39948,0.00002,0.00199,,0.40007352,0.40000791,passenger-km,"UK DEFRA, Business Travel - air, 2019 (https://assets.publishing.service.gov.uk/government/uploads/system/uploads/attachment_data/file/891105/Conversion_Factors_2020_-_Condensed_set__for_most_users_.xlsx)"
3,transport,"Air Travel - International, to/from non-UK - First class_RF",0.551,0.00002,0.00274,,0.55181702,0.55172666,passenger-km,"UK DEFRA, Business Travel - air, 2019 (https://assets.publishing.service.gov.uk/government/uploads/system/uploads/attachment_data/file/891105/Conversion_Factors_2020_-_Condensed_set__for_most_users_.xlsx)"
3,transport,"Freight flights - Domestic, to/from UK_RF",4.96965,0.00234,0.02475,,4.977084,4.97627427,tonne-km,"UK DEFRA, Freighting goods, 2019 (https://assets.publishing.service.gov.uk/government/uploads/system/uploads/attachment_data/file/891105/Conversion_Factors_2020_-_Condensed_set__for_most_users_.xlsx)"
3,transport,"Freight flights - Short-haul, to/from UK_RF",2.3678,0.00009,0.01179,,2.37131567,2.37092687,tonne-km,"UK DEFRA, Freighting goods, 2019 (https://assets.publishing.service.gov.uk/government/uploads/system/uploads/attachment_data/file/891105/Conversion_Factors_2020_-_Condensed_set__for_most_users_.xlsx)"
3,transport,"Freight flights - Long-haul, to/from UK_RF",1.12609,0.00004,0.00561,,1.12776278,1.12757777,tonne-km,"UK DEFRA, Freighting goods, 2019 (https://assets.publishing.service.gov.uk/government/uploads/system/uploads/attachment_data/file/891105/Conversion_Factors_2020_-_Condensed_set__for_most_users_.xlsx)"
3,transport,"Freight flights - International, to/from non-UK_RF",1.12609,0.00004,0.00561,,1.12776278,1.12757777,tonne-km,"UK DEFRA, Freighting goods, 2019 (https://assets.publishing.service.gov.uk/government/uploads/system/uploads/attachment_data/file/891105/Conversion_Factors_2020_-_Condensed_set__for_most_users_.xlsx)"
2,grid-region-location-based,AKGD,0.471570504,3.71946E-05,4.98952E-06,,0.473987244,0.473934173,kwH,"EPA, ""Emission Factors for Greenhouse Gas Inventories,"" Table 6 Electricity, March 9, 2018. From EPA eGRID2016, February 2018. https://www.epa.gov/sites/production/files/2020-01/egrid2018_summary_tables.xlsx"
2,grid-region-location-based,AKMS,0.238173642,1.08862E-05,1.81437E-06,,0.23898648,0.238959264,kwH,"EPA, ""Emission Factors for Greenhouse Gas Inventories,"" Table 6 Electricity, March 9, 2018. From EPA eGRID2016, February 2018. https://www.epa.gov/sites/production/files/2020-01/egrid2018_summary_tables.xlsx"
2,grid-region-location-based,AZNM,0.463732427,3.49266E-05,4.98952E-06,,0.466092469,0.466032594,kwH,"EPA, ""Emission Factors for Greenhouse Gas Inventories,"" Table 6 Electricity, March 9, 2018. From EPA eGRID2016, February 2018. https://www.epa.gov/sites/production/files/2020-01/egrid2018_summary_tables.xlsx"
2,grid-region-location-based,CAMX,0.225224941,1.54221E-05,1.81437E-06,,0.226151177,0.226137569,kwH,"EPA, ""Emission Factors for Greenhouse Gas Inventories,"" Table 6 Electricity, March 9, 2018. From EPA eGRID2016, February 2018. https://www.epa.gov/sites/production/files/2020-01/egrid2018_summary_tables.xlsx"
2,grid-region-location-based,ERCT,0.422599311,2.99371E-05,4.08233E-06,,0.424564273,0.424519367,kwH,"EPA, ""Emission Factors for Greenhouse Gas Inventories,"" Table 6 Electricity, March 9, 2018. From EPA eGRID2016, February 2018. https://www.epa.gov/sites/production/files/2020-01/egrid2018_summary_tables.xlsx"
2,grid-region-location-based,FRCC,0.422676421,2.99371E-05,4.08233E-06,,0.424641383,0.424596478,kwH,"EPA, ""Emission Factors for Greenhouse Gas Inventories,"" Table 6 Electricity, March 9, 2018. From EPA eGRID2016, February 2018. https://www.epa.gov/sites/production/files/2020-01/egrid2018_summary_tables.xlsx"
2,grid-region-location-based,HIMS,0.503800056,5.35239E-05,8.16466E-06,,0.507571223,0.507462361,kwH,"EPA, ""Emission Factors for Greenhouse Gas Inventories,"" Table 6 Electricity, March 9, 2018. From EPA eGRID2016, February 2018. https://www.epa.gov/sites/production/files/2020-01/egrid2018_summary_tables.xlsx"
2,grid-region-location-based,HIOA,0.757473403,8.16466E-05,1.2247E-05,,0.763164173,0.763004962,kwH,"EPA, ""Emission Factors for Greenhouse Gas Inventories,"" Table 6 Electricity, March 9, 2018. From EPA eGRID2016, February 2018. https://www.epa.gov/sites/production/files/2020-01/egrid2018_summary_tables.xlsx"
2,grid-region-location-based,MROE,0.761135254,7.66571E-05,1.13398E-05,,0.766430945,0.766286703,kwH,"EPA, ""Emission Factors for Greenhouse Gas Inventories,"" Table 6 Electricity, March 9, 2018. From EPA eGRID2016, February 2018. https://www.epa.gov/sites/production/files/2020-01/egrid2018_summary_tables.xlsx"
2,grid-region-location-based,MROW,0.562385593,6.25957E-05,9.07185E-06,,0.566653897,0.566542313,kwH,"EPA, ""Emission Factors for Greenhouse Gas Inventories,"" Table 6 Electricity, March 9, 2018. From EPA eGRID2016, February 2018. https://www.epa.gov/sites/production/files/2020-01/egrid2018_summary_tables.xlsx"
2,grid-region-location-based,NEWE,0.236916738,3.71946E-05,4.98952E-06,,0.239333478,0.239280408,kwH,"EPA, ""Emission Factors for Greenhouse Gas Inventories,"" Table 6 Electricity, March 9, 2018. From EPA eGRID2016, February 2018. https://www.epa.gov/sites/production/files/2020-01/egrid2018_summary_tables.xlsx"
2,grid-region-location-based,NWPP,0.289862307,2.90299E-05,4.08233E-06,,0.29180459,0.291756963,kwH,"EPA, ""Emission Factors for Greenhouse Gas Inventories,"" Table 6 Electricity, March 9, 2018. From EPA eGRID2016, February 2018. https://www.epa.gov/sites/production/files/2020-01/egrid2018_summary_tables.xlsx"
2,grid-region-location-based,NYCW,0.27052884,9.97903E-06,1.36078E-06,,0.271183827,0.271168859,kwH,"EPA, ""Emission Factors for Greenhouse Gas Inventories,"" Table 6 Electricity, March 9, 2018. From EPA eGRID2016, February 2018. https://www.epa.gov/sites/production/files/2020-01/egrid2018_summary_tables.xlsx"
2,grid-region-location-based,NYLI,0.537162682,6.30493E-05,8.16466E-06,,0.541171985,0.541091699,kwH,"EPA, ""Emission Factors for Greenhouse Gas Inventories,"" Table 6 Electricity, March 9, 2018. From EPA eGRID2016, February 2018. https://www.epa.gov/sites/production/files/2020-01/egrid2018_summary_tables.xlsx"
2,grid-region-location-based,NYUP,0.114809672,8.16466E-06,9.07185E-07,,0.11528413,0.115278686,kwH,"EPA, ""Emission Factors for Greenhouse Gas Inventories,"" Table 6 Electricity, March 9, 2018. From EPA eGRID2016, February 2018. https://www.epa.gov/sites/production/files/2020-01/egrid2018_summary_tables.xlsx"
2,grid-region-location-based,RFCE,0.324756715,2.76691E-05,3.62874E-06,,0.326529807,0.326493066,kwH,"EPA, ""Emission Factors for Greenhouse Gas Inventories,"" Table 6 Electricity, March 9, 2018. From EPA eGRID2016, February 2018. https://www.epa.gov/sites/production/files/2020-01/egrid2018_summary_tables.xlsx"
2,grid-region-location-based,RFCM,0.595367201,5.85134E-05,8.16466E-06,,0.599263106,0.599169212,kwH,"EPA, ""Emission Factors for Greenhouse Gas Inventories,"" Table 6 Electricity, March 9, 2018. From EPA eGRID2016, February 2018. https://www.epa.gov/sites/production/files/2020-01/egrid2018_summary_tables.xlsx"
2,grid-region-location-based,RFCW,0.528932248,5.30703E-05,7.71107E-06,,0.532556905,0.532461651,kwH,"EPA, ""Emission Factors for Greenhouse Gas Inventories,"" Table 6 Electricity, March 9, 2018. From EPA eGRID2016, February 2018. https://www.epa.gov/sites/production/files/2020-01/egrid2018_summary_tables.xlsx"
2,grid-region-location-based,RMPA,0.577702046,5.57919E-05,8.16466E-06,,0.581529912,0.581427854,kwH,"EPA, ""Emission Factors for Greenhouse Gas Inventories,"" Table 6 Electricity, March 9, 2018. From EPA eGRID2016, February 2018. https://www.epa.gov/sites/production/files/2020-01/egrid2018_summary_tables.xlsx"
2,grid-region-location-based,SPNO,0.527612748,5.62455E-05,8.16466E-06,,0.531451954,0.531351256,kwH,"EPA, ""Emission Factors for Greenhouse Gas Inventories,"" Table 6 Electricity, March 9, 2018. From EPA eGRID2016, February 2018. https://www.epa.gov/sites/production/files/2020-01/egrid2018_summary_tables.xlsx"
2,grid-region-location-based,SPSO,0.529152694,4.12769E-05,5.8967E-06,,0.531941834,0.531871073,kwH,"EPA, ""Emission Factors for Greenhouse Gas Inventories,"" Table 6 Electricity, March 9, 2018. From EPA eGRID2016, February 2018. https://www.epa.gov/sites/production/files/2020-01/egrid2018_summary_tables.xlsx"
2,grid-region-location-based,SRMV,0.387660451,2.49476E-05,3.62874E-06,,0.389365505,0.389320599,kwH,"EPA, ""Emission Factors for Greenhouse Gas Inventories,"" Table 6 Electricity, March 9, 2018. From EPA eGRID2016, February 2018. https://www.epa.gov/sites/production/files/2020-01/egrid2018_summary_tables.xlsx"
2,grid-region-location-based,SRMW,0.754845743,8.39146E-05,1.2247E-05,,0.760593211,0.760440804,kwH,"EPA, ""Emission Factors for Greenhouse Gas Inventories,"" Table 6 Electricity, March 9, 2018. From EPA eGRID2016, February 2018. https://www.epa.gov/sites/production/files/2020-01/egrid2018_summary_tables.xlsx"
2,grid-region-location-based,SRSO,0.466260298,3.6741E-05,5.44311E-06,,0.468800869,0.468731469,kwH,"EPA, ""Emission Factors for Greenhouse Gas Inventories,"" Table 6 Electricity, March 9, 2018. From EPA eGRID2016, February 2018. https://www.epa.gov/sites/production/files/2020-01/egrid2018_summary_tables.xlsx"
2,grid-region-location-based,SRTV,0.467897313,4.39985E-05,6.35029E-06,,0.470889661,0.470812097,kwH,"EPA, ""Emission Factors for Greenhouse Gas Inventories,"" Table 6 Electricity, March 9, 2018. From EPA eGRID2016, February 2018. https://www.epa.gov/sites/production/files/2020-01/egrid2018_summary_tables.xlsx"
2,grid-region-location-based,SRVC,0.337167909,3.03907E-05,4.08233E-06,,0.339144211,0.339100666,kwH,"EPA, ""Emission Factors for Greenhouse Gas Inventories,"" Table 6 Electricity, March 9, 2018. From EPA eGRID2016, February 2018. https://www.epa.gov/sites/production/files/2020-01/egrid2018_summary_tables.xlsx"
2,grid-region-location-based,U.S.,0.429634528,3.85554E-05,5.44311E-06,,0.432220458,0.432156502,kwH,"EPA, ""Emission Factors for Greenhouse Gas Inventories,"" Table 6 Electricity, March 9, 2018. From EPA eGRID2016, February 2018. (https://www.epa.gov/sites/production/files/2020-01/egrid2018_summary_tables.xlsx)"
2,grid-region-location-based,CA,0.13,0,0,,0.13,0.13,kwH,"Canada NIR 2018 - https://unfccc.int/documents/65715 - (part 3, from various tables for each region)"
2,grid-region-location-based,Newfoundland and Labrador,0.04,0.0000006,0.000001,,0.040313,0.0402818,kwH,"Canada NIR 2018 - https://unfccc.int/documents/65715 - (part 3, from various tables for each region)"
2,grid-region-location-based,Prince Edward Island,0.014,0.0000005,0.0000002,,0.0140721,0.014067,kwH,"Canada NIR 2018 - https://unfccc.int/documents/65715 - (part 3, from various tables for each region)"
2,grid-region-location-based,Nova Scotia,0.67,0.00003,0.00001,,0.67373,0.67349,kwH,"Canada NIR 2018 - https://unfccc.int/documents/65715 - (part 3, from various tables for each region)"
2,grid-region-location-based,New Brunswick,0.31,0.00002,0.000004,,0.311692,0.31162,kwH,"Canada NIR 2018 - https://unfccc.int/documents/65715 - (part 3, from various tables for each region)"
2,grid-region-location-based,Quebec,0.0012,0,0.0000001,,0.0012298,0.0012265,kwH,"Canada NIR 2018 - https://unfccc.int/documents/65715 - (part 3, from various tables for each region)"
2,grid-region-location-based,Ontario,0.017,0,0.000001,,0.017298,0.017265,kwH,"Canada NIR 2018 - https://unfccc.int/documents/65715 - (part 3, from various tables for each region)"
2,grid-region-location-based,Manitoba,0.0019,0.0000001,0.0000001,,0.0019323,0.0019293,kwH,"Canada NIR 2018 - https://unfccc.int/documents/65715 - (part 3, from various tables for each region)"
2,grid-region-location-based,Saskatchewan,0.65,0.00005,0.00002,,0.65721,0.6567,kwH,"Canada NIR 2018 - https://unfccc.int/documents/65715 - (part 3, from various tables for each region)"
2,grid-region-location-based,Alberta,0.75,0.00004,0.00001,,0.75398,0.75377,kwH,"Canada NIR 2018 - https://unfccc.int/documents/65715 - (part 3, from various tables for each region)"
2,grid-region-location-based,British Columbia,0.009,0.000003,0.0000007,,0.0092836,0.0092695,kwH,"Canada NIR 2018 - https://unfccc.int/documents/65715 - (part 3, from various tables for each region)"
2,grid-region-location-based,Yukon,0.048,0.000004,0.00001,,0.05108,0.050762,kwH,"Canada NIR 2018 - https://unfccc.int/documents/65715 - (part 3, from various tables for each region)"
2,grid-region-location-based,Northwest Territories and Nunavut,0.17,0.00001,0.00002,,0.17621,0.17558,kwH,"Canada NIR 2018 - https://unfccc.int/documents/65715 - (part 3, from various tables for each region)"
2,grid-region-location-based,New South Wales and ACT,0.81,0,0,,0.81,0.81,kwH,"Department of the Environment and Energy, Australian National Greenhouse Accounts, National Greenhouse Accounts Factors, August 2019"
2,grid-region-location-based,Victoria,1.02,0,0,,1.02,1.02,kwH,"Department of the Environment and Energy, Australian National Greenhouse Accounts, National Greenhouse Accounts Factors, August 2020"
2,grid-region-location-based,Queensland,0.81,0,0,,0.81,0.81,kwH,"Department of the Environment and Energy, Australian National Greenhouse Accounts, National Greenhouse Accounts Factors, August 2021"
2,grid-region-location-based,South Australia,0.44,0,0,,0.44,0.44,kwH,"Department of the Environment and Energy, Australian National Greenhouse Accounts, National Greenhouse Accounts Factors, August 2022"
2,grid-region-location-based,SWIS in Western Australia,0.69,0,0,,0.69,0.69,kwH,"Department of the Environment and Energy, Australian National Greenhouse Accounts, National Greenhouse Accounts Factors, August 2023"
2,grid-region-location-based,Tasmania,0.15,0,0,,0.15,0.15,kwH,"Department of the Environment and Energy, Australian National Greenhouse Accounts, National Greenhouse Accounts Factors, August 2024"
2,grid-region-location-based,Northern Territory,0.63,0,0,,0.63,0.63,kwH,"Department of the Environment and Energy, Australian National Greenhouse Accounts, National Greenhouse Accounts Factors, August 2025"
2,grid-region-location-based,North China Grid,0.968,0,0,,0.968,0.968,kwH,
2,grid-region-location-based,China Northeast Grid,1.1082,0,0,,1.1082,1.1082,kwH,
2,grid-region-location-based,East China Grid,0.8046,0,0,,0.8046,0.8046,kwH,
2,grid-region-location-based,Central China Grid,0.9014,0,0,,0.9014,0.9014,kwH,
2,grid-region-location-based,China Northwest Grid,0.9155,0,0,,0.9155,0.9155,kwH,
2,grid-region-location-based,China Southern Grid,0.8367,0,0,,0.8367,0.8367,kwH,
2,grid-region-location-based,Hainan Province China Power Grid ,0,0,0,,0,0,kwH,
2,egrid-subregion-residual-mix-market-based,AKGD,0.490900342,,,,0.490900342,0.490900342,kwH,Green-e Energy Residual Mix Emissions Rates (2018)
2,egrid-subregion-residual-mix-market-based,AKMS,0.228215929,,,,0.228215929,0.228215929,kwH,Green-e Energy Residual Mix Emissions Rates (2018)
2,egrid-subregion-residual-mix-market-based,AZNM,0.474108353,,,,0.474108353,0.474108353,kwH,Green-e Energy Residual Mix Emissions Rates (2018)
2,egrid-subregion-residual-mix-market-based,CAMX,0.240140873,,,,0.240140873,0.240140873,kwH,Green-e Energy Residual Mix Emissions Rates (2018)
2,egrid-subregion-residual-mix-market-based,ERCT,0.485452698,,,,0.485452698,0.485452698,kwH,Green-e Energy Residual Mix Emissions Rates (2018)
2,egrid-subregion-residual-mix-market-based,FRCC,0.461385087,,,,0.461385087,0.461385087,kwH,Green-e Energy Residual Mix Emissions Rates (2018)
2,egrid-subregion-residual-mix-market-based,HIMS,0.522547482,,,,0.522547482,0.522547482,kwH,Green-e Energy Residual Mix Emissions Rates (2018)
2,egrid-subregion-residual-mix-market-based,HIOA,0.754274216,,,,0.754274216,0.754274216,kwH,Green-e Energy Residual Mix Emissions Rates (2018)
2,egrid-subregion-residual-mix-market-based,MROE,0.756959483,,,,0.756959483,0.756959483,kwH,Green-e Energy Residual Mix Emissions Rates (2018)
2,egrid-subregion-residual-mix-market-based,MROW,0.586748946,,,,0.586748946,0.586748946,kwH,Green-e Energy Residual Mix Emissions Rates (2018)
2,egrid-subregion-residual-mix-market-based,NEWE,0.253190725,,,,0.253190725,0.253190725,kwH,Green-e Energy Residual Mix Emissions Rates (2018)
2,egrid-subregion-residual-mix-market-based,NWPP,0.300636487,,,,0.300636487,0.300636487,kwH,Green-e Energy Residual Mix Emissions Rates (2018)
2,egrid-subregion-residual-mix-market-based,NYCW,0.288398565,,,,0.288398565,0.288398565,kwH,Green-e Energy Residual Mix Emissions Rates (2018)
2,egrid-subregion-residual-mix-market-based,NYLI,0.534476961,,,,0.534476961,0.534476961,kwH,Green-e Energy Residual Mix Emissions Rates (2018)
2,egrid-subregion-residual-mix-market-based,NYUP,0.133673671,,,,0.133673671,0.133673671,kwH,Green-e Energy Residual Mix Emissions Rates (2018)
2,egrid-subregion-residual-mix-market-based,RFCE,0.344031669,,,,0.344031669,0.344031669,kwH,Green-e Energy Residual Mix Emissions Rates (2018)
2,egrid-subregion-residual-mix-market-based,RFCM,0.577332369,,,,0.577332369,0.577332369,kwH,Green-e Energy Residual Mix Emissions Rates (2018)
2,egrid-subregion-residual-mix-market-based,RFCW,0.564250765,,,,0.564250765,0.564250765,kwH,Green-e Energy Residual Mix Emissions Rates (2018)
2,egrid-subregion-residual-mix-market-based,RMPA,0.625653564,,,,0.625653564,0.625653564,kwH,Green-e Energy Residual Mix Emissions Rates (2018)
2,egrid-subregion-residual-mix-market-based,SPNO,0.686861318,,,,0.686861318,0.686861318,kwH,Green-e Energy Residual Mix Emissions Rates (2018)
2,egrid-subregion-residual-mix-market-based,SPSO,0.641796916,,,,0.641796916,0.641796916,kwH,Green-e Energy Residual Mix Emissions Rates (2018)
2,egrid-subregion-residual-mix-market-based,SRMV,0.381081094,,,,0.381081094,0.381081094,kwH,Green-e Energy Residual Mix Emissions Rates (2018)
2,egrid-subregion-residual-mix-market-based,SRMW,0.739174126,,,,0.739174126,0.739174126,kwH,Green-e Energy Residual Mix Emissions Rates (2018)
2,egrid-subregion-residual-mix-market-based,SRSO,0.49653396,,,,0.49653396,0.49653396,kwH,Green-e Energy Residual Mix Emissions Rates (2018)
2,egrid-subregion-residual-mix-market-based,SRTV,0.53790612,,,,0.53790612,0.53790612,kwH,Green-e Energy Residual Mix Emissions Rates (2018)
2,egrid-subregion-residual-mix-market-based,SRVC,0.366198728,,,,0.366198728,0.366198728,kwH,Green-e Energy Residual Mix Emissions Rates (2018)
2,egrid-subregion-residual-mix-market-based,US Average,0.460364622,,,,0.460364622,0.460364622,kwH,Green-e Energy Residual Mix Emissions Rates (2018)
2,egrid-subregion-residual-mix-market-based,Newfoundland and Labrador,0.045064402,,,,0.045064402,0.045064402,kwH,Green-e Energy Residual Mix Emissions Rates (2018)
2,egrid-subregion-residual-mix-market-based,Quebec,0.045064402,,,,0.045064402,0.045064402,kwH,Green-e Energy Residual Mix Emissions Rates (2018)
2,egrid-subregion-residual-mix-market-based,Ontario,0.045064402,,,,0.045064402,0.045064402,kwH,Green-e Energy Residual Mix Emissions Rates (2018)
2,egrid-subregion-residual-mix-market-based,Manitoba,0.239945828,,,,0.239945828,0.239945828,kwH,Green-e Energy Residual Mix Emissions Rates (2018)
2,egrid-subregion-residual-mix-market-based,Saskatchewan,0.239945828,,,,0.239945828,0.239945828,kwH,Green-e Energy Residual Mix Emissions Rates (2018)
2,egrid-subregion-residual-mix-market-based,Alberta,0.381793234,,,,0.381793234,0.381793234,kwH,Green-e Energy Residual Mix Emissions Rates (2018)
2,egrid-subregion-residual-mix-market-based,British Columbia,0.381793234,,,,0.381793234,0.381793234,kwH,Green-e Energy Residual Mix Emissions Rates (2018)
2,egrid-subregion-residual-mix-market-based,Austria,0.54587,,,,0.54587,0.54587,kwH,"European Residual Mixes 2018 v1.2 (published July 2019) - Table 2, Direct GWP (gCO2/kWh)"
2,egrid-subregion-residual-mix-market-based,Belgium,0.18906,,,,0.18906,0.18906,kwH,"European Residual Mixes 2018 v1.2 (published July 2019) - Table 2, Direct GWP (gCO2/kWh)"
2,egrid-subregion-residual-mix-market-based,Bulgaria,0.49543,,,,0.49543,0.49543,kwH,"European Residual Mixes 2018 v1.2 (published July 2019) - Table 2, Direct GWP (gCO2/kWh)"
2,egrid-subregion-residual-mix-market-based,Croatia,0.56168,,,,0.56168,0.56168,kwH,"European Residual Mixes 2018 v1.2 (published July 2019) - Table 2, Direct GWP (gCO2/kWh)"
2,egrid-subregion-residual-mix-market-based,Cyprus,0.77021,,,,0.77021,0.77021,kwH,"European Residual Mixes 2018 v1.2 (published July 2019) - Table 2, Direct GWP (gCO2/kWh)"
2,egrid-subregion-residual-mix-market-based,Czech Republic,0.6123,,,,0.6123,0.6123,kwH,"European Residual Mixes 2018 v1.2 (published July 2019) - Table 2, Direct GWP (gCO2/kWh)"
2,egrid-subregion-residual-mix-market-based,Denmark,0.50937,,,,0.50937,0.50937,kwH,"European Residual Mixes 2018 v1.2 (published July 2019) - Table 2, Direct GWP (gCO2/kWh)"
2,egrid-subregion-residual-mix-market-based,Estonia,1.04329,,,,1.04329,1.04329,kwH,"European Residual Mixes 2018 v1.2 (published July 2019) - Table 2, Direct GWP (gCO2/kWh)"
2,egrid-subregion-residual-mix-market-based,Finland,0.30164,,,,0.30164,0.30164,kwH,"European Residual Mixes 2018 v1.2 (published July 2019) - Table 2, Direct GWP (gCO2/kWh)"
2,egrid-subregion-residual-mix-market-based,France,0.0532,,,,0.0532,0.0532,kwH,"European Residual Mixes 2018 v1.2 (published July 2019) - Table 2, Direct GWP (gCO2/kWh)"
2,egrid-subregion-residual-mix-market-based,Germany,0.72869,,,,0.72869,0.72869,kwH,"European Residual Mixes 2018 v1.2 (published July 2019) - Table 2, Direct GWP (gCO2/kWh)"
2,egrid-subregion-residual-mix-market-based,United Kingdom,0.38096,,,,0.38096,0.38096,kwH,"European Residual Mixes 2018 v1.2 (published July 2019) - Table 2, Direct GWP (gCO2/kWh)"
2,egrid-subregion-residual-mix-market-based,Greece,0.69583,,,,0.69583,0.69583,kwH,"European Residual Mixes 2018 v1.2 (published July 2019) - Table 2, Direct GWP (gCO2/kWh)"
2,egrid-subregion-residual-mix-market-based,Hungary,0.37898,,,,0.37898,0.37898,kwH,"European Residual Mixes 2018 v1.2 (published July 2019) - Table 2, Direct GWP (gCO2/kWh)"
2,egrid-subregion-residual-mix-market-based,Iceland,0.48224,,,,0.48224,0.48224,kwH,"European Residual Mixes 2018 v1.2 (published July 2019) - Table 2, Direct GWP (gCO2/kWh)"
2,egrid-subregion-residual-mix-market-based,Ireland,0.64035,,,,0.64035,0.64035,kwH,"European Residual Mixes 2018 v1.2 (published July 2019) - Table 2, Direct GWP (gCO2/kWh)"
2,egrid-subregion-residual-mix-market-based,Italy,0.48723,,,,0.48723,0.48723,kwH,"European Residual Mixes 2018 v1.2 (published July 2019) - Table 2, Direct GWP (gCO2/kWh)"
2,egrid-subregion-residual-mix-market-based,Latvia,0.32276,,,,0.32276,0.32276,kwH,"European Residual Mixes 2018 v1.2 (published July 2019) - Table 2, Direct GWP (gCO2/kWh)"
2,egrid-subregion-residual-mix-market-based,Lithuania,0.38073,,,,0.38073,0.38073,kwH,"European Residual Mixes 2018 v1.2 (published July 2019) - Table 2, Direct GWP (gCO2/kWh)"
2,egrid-subregion-residual-mix-market-based,Luxembourg,0.36121,,,,0.36121,0.36121,kwH,"European Residual Mixes 2018 v1.2 (published July 2019) - Table 2, Direct GWP (gCO2/kWh)"
2,egrid-subregion-residual-mix-market-based,Malta,0.66892,,,,0.66892,0.66892,kwH,"European Residual Mixes 2018 v1.2 (published July 2019) - Table 2, Direct GWP (gCO2/kWh)"
2,egrid-subregion-residual-mix-market-based,Netherlands,0.53339,,,,0.53339,0.53339,kwH,"European Residual Mixes 2018 v1.2 (published July 2019) - Table 2, Direct GWP (gCO2/kWh)"
2,egrid-subregion-residual-mix-market-based,Norway,0.28049,,,,0.28049,0.28049,kwH,"European Residual Mixes 2018 v1.2 (published July 2019) - Table 2, Direct GWP (gCO2/kWh)"
2,egrid-subregion-residual-mix-market-based,Poland,0.90462,,,,0.90462,0.90462,kwH,"European Residual Mixes 2018 v1.2 (published July 2019) - Table 2, Direct GWP (gCO2/kWh)"
2,egrid-subregion-residual-mix-market-based,Portugal,0.31552,,,,0.31552,0.31552,kwH,"European Residual Mixes 2018 v1.2 (published July 2019) - Table 2, Direct GWP (gCO2/kWh)"
2,egrid-subregion-residual-mix-market-based,Romania,0.40259,,,,0.40259,0.40259,kwH,"European Residual Mixes 2018 v1.2 (published July 2019) - Table 2, Direct GWP (gCO2/kWh)"
2,egrid-subregion-residual-mix-market-based,Slovakia,0.19395,,,,0.19395,0.19395,kwH,"European Residual Mixes 2018 v1.2 (published July 2019) - Table 2, Direct GWP (gCO2/kWh)"
2,egrid-subregion-residual-mix-market-based,Slovenia,0.50223,,,,0.50223,0.50223,kwH,"European Residual Mixes 2018 v1.2 (published July 2019) - Table 2, Direct GWP (gCO2/kWh)"
2,egrid-subregion-residual-mix-market-based,Spain,0.45091,,,,0.45091,0.45091,kwH,"European Residual Mixes 2018 v1.2 (published July 2019) - Table 2, Direct GWP (gCO2/kWh)"
2,egrid-subregion-residual-mix-market-based,Sweden,0.03742,,,,0.03742,0.03742,kwH,"European Residual Mixes 2018 v1.2 (published July 2019) - Table 2, Direct GWP (gCO2/kWh)"
2,egrid-subregion-residual-mix-market-based,Switzerland,0.03484,,,,0.03484,0.03484,kwH,"European Residual Mixes 2018 v1.2 (published July 2019) - Table 2, Direct GWP (gCO2/kWh)"